{
  "project_info": {
    "project_number": "922870020832",
    "project_id": "voice-a83fa",
    "storage_bucket": "voice-a83fa.appspot.com"
  },
  "client": [
    {
      "client_info": {
        "mobilesdk_app_id": "1:922870020832:android:56d39bb98addddfef7ee85",
        "android_client_info": {
          "package_name": "com.vsr99552956.voice"
        }
      },
      "oauth_client": [
        {
          "client_id": "922870020832-3796lq7k4rvmsjhv7hgica4arkk7ig53.apps.googleusercontent.com",
          "client_type": 1,
          "android_info": {
            "package_name": "com.vsr99552956.voice",
            "certificate_hash": "e59f6377c12964cd6d002af4a8d2e575e7173af5"
          }
        },
        {
          "client_id": "922870020832-v8l0j469fnsus5lof4fi132p0m5qomro.apps.googleusercontent.com",
          "client_type": 3
        }
      ],
      "api_key": [
        {
          "current_key": "AIzaSyAZbxIdeIwrSiOqVKZskZ8WX8QNG8vz3xI"
        }
      ],
      "services": {
        "appinvite_service": {
          "other_platform_oauth_client": [
            {
              "client_id": "922870020832-v8l0j469fnsus5lof4fi132p0m5qomro.apps.googleusercontent.com",
              "client_type": 3
            }
          ]
        }
      }
    }
  ],
  "configuration_version": "1"
}