{
  "project_info": {
    "project_number": "436734667488",
    "project_id": "awards-e4daa",
    "storage_bucket": "awards-e4daa.appspot.com"
  },
  "client": [
    {
      "client_info": {
        "mobilesdk_app_id": "1:436734667488:android:bd5ccae93c5408f44dfe85",
        "android_client_info": {
          "package_name": "com.vsr99552956.awards"
        }
      },
      "oauth_client": [
        {
          "client_id": "436734667488-12mupvbnqh4v87k51vttqc24pjc91buk.apps.googleusercontent.com",
          "client_type": 3
        }
      ],
      "api_key": [
        {
          "current_key": "AIzaSyDWXtm71qf9Ly3VnDx1kOns9gCrm-lv464"
        }
      ],
      "services": {
        "appinvite_service": {
          "other_platform_oauth_client": [
            {
              "client_id": "436734667488-12mupvbnqh4v87k51vttqc24pjc91buk.apps.googleusercontent.com",
              "client_type": 3
            }
          ]
        }
      }
    }
  ],
  "configuration_version": "1"
}